transaction_id,date,amount,reference_no,description
BNK-10073,2026-09-03,43944.67,REF-1073,BANK WIRE/ACH: VANGUARD LOGISTICS - INV 5190
BNK-10086,2026-09-04,19912.7,REF-1086,BANK WIRE/ACH: APEX STRATEGIES - INV 8412
BNK-10047,2026-09-02,-4730.69,REF-1047,BANK WIRE/ACH: MICROSOFT ENTERPRISE
BNK-10439,2026-09-07,-398.57,REF-1439,ACH DISBURSEMENT: OFFICE DEPOT SUPPLIES
BNK-10348,2026-09-08,7431.69,REF-1348,BANK WIRE/ACH: APEX STRATEGIES - INV 8412
BNK-10271,2026-09-11,-24369.19,REF-1271,BANK WIRE/ACH: DELOITTE ADVISORY
BNK-10442,2026-09-18,-792.55,REF-1442,ACH DISBURSEMENT: OFFICE DEPOT SUPPLIES
BNK-10224,2026-09-21,-23855.1,REF-1224,BANK WIRE/ACH: DELOITTE ADVISORY
BNK-10321,2026-09-04,21358.69,REF-1321,BANK WIRE/ACH: VANGUARD LOGISTICS - INV 5190
BNK-10229,2026-09-28,17764.78,REF-1229,BANK WIRE/ACH: VANGUARD LOGISTICS - INV 5190
BNK-10082,2026-09-09,-5011.46,REF-1082,BANK WIRE/ACH: AWS CLOUD SERVICES
BNK-10268,2026-09-05,-2097.5,REF-1268,BANK WIRE/ACH: CONEDISON ELECTRIC
BNK-10092,2026-09-24,28398.51,REF-1092,BANK WIRE/ACH: APEX STRATEGIES - INV 8412
BNK-10007,2026-09-06,-1503.0,REF-1007,BANK WIRE/ACH: CONEDISON ELECTRIC
BNK-10464,2026-09-12,-125.0,BNK-DIR-1464,MONTHLY BANK SERVICE CHARGE & MAINTENANCE FEE
BNK-10100,2026-09-03,-95534.38,REF-1100,BANK WIRE/ACH: ADP TOTALSOURCE PAYROLL
BNK-10169,2026-09-16,-661.93,REF-1169,BANK WIRE/ACH: OFFICE DEPOT SUPPLIES
BNK-10012,2026-09-20,-2206.78,REF-1012,BANK WIRE/ACH: CONEDISON ELECTRIC
BNK-10124,2026-09-08,24830.89,REF-1124,BANK WIRE/ACH: VANGUARD LOGISTICS - INV 5190
BNK-10201,2026-09-18,29563.74,REF-1201,BANK WIRE/ACH: APEX STRATEGIES - INV 8412
BNK-10028,2026-09-14,-999.28,REF-1028,BANK WIRE/ACH: FEDEX FREIGHT CORP
BNK-10381,2026-09-27,13475.08,REF-1381,CLEARED CHECK/ACH: VANGUARD LOGISTICS - INV 5190
BNK-10319,2026-09-20,55454.3,REF-1319,BANK WIRE/ACH: GLOBAL TECH CORP - INV 9021
BNK-10479,2026-09-07,-931.39,BNK-DIR-1479,AUTOMATIC DIRECT DEBIT - STATE TAX WITHHOLDING / UTILITY
BNK-10342,2026-09-03,-1340.65,REF-1342,BANK WIRE/ACH: FEDEX FREIGHT CORP
BNK-10113,2026-09-10,36271.25,REF-1113,BANK WIRE/ACH: GLOBAL TECH CORP - INV 9021
BNK-10185,2026-09-05,-9743.99,REF-1185,BANK WIRE/ACH: DELOITTE ADVISORY
BNK-10175,2026-09-03,14568.59,REF-1175,BANK WIRE/ACH: HORIZON RETAIL - INV 6519
BNK-10217,2026-09-27,-15025.21,REF-1217,BANK WIRE/ACH: DELOITTE ADVISORY
BNK-10225,2026-09-10,-97464.71,REF-1225,BANK WIRE/ACH: ADP TOTALSOURCE PAYROLL
BNK-10255,2026-09-15,-227.55,REF-1255,BANK WIRE/ACH: OFFICE DEPOT SUPPLIES
BNK-10473,2026-09-22,-1095.65,BNK-DIR-1473,AUTOMATIC DIRECT DEBIT - STATE TAX WITHHOLDING / UTILITY
BNK-10152,2026-09-16,-14500.0,REF-1152,BANK WIRE/ACH: CUSHMAN WAKEFIELD LEASE
BNK-10369,2026-09-17,18489.47,REF-1369,CLEARED CHECK/ACH: NEXUS HEALTHCARE - INV 7731
BNK-10378,2026-09-14,-2039.96,REF-1378,CLEARED CHECK/ACH: FEDEX FREIGHT CORP
BNK-10458,2026-09-21,-125.0,BNK-DIR-1458,MONTHLY BANK SERVICE CHARGE & MAINTENANCE FEE
BNK-10308,2026-09-20,-16594.37,REF-1308,BANK WIRE/ACH: DELOITTE ADVISORY
BNK-10238,2026-09-02,20085.41,REF-1238,BANK WIRE/ACH: VANGUARD LOGISTICS - INV 5190
BNK-10421,2026-09-12,-2540.0,REF-1421,ACH DEBIT: DELOITTE ADVISORY
BNK-10252,2026-09-28,18637.95,REF-1252,BANK WIRE/ACH: APEX STRATEGIES - INV 8412
BNK-10360,2026-09-06,47365.88,REF-1360,CLEARED CHECK/ACH: NEXUS HEALTHCARE - INV 7731
BNK-10249,2026-09-26,25494.28,REF-1249,BANK WIRE/ACH: NEXUS HEALTHCARE - INV 7731
BNK-10237,2026-09-22,-670.1,REF-1237,BANK WIRE/ACH: OFFICE DEPOT SUPPLIES
BNK-10128,2026-09-18,25181.23,REF-1128,BANK WIRE/ACH: APEX STRATEGIES - INV 8412
BNK-10033,2026-09-25,75936.3,REF-1033,BANK WIRE/ACH: GLOBAL TECH CORP - INV 9021
BNK-10065,2026-09-19,-209.72,REF-1065,BANK WIRE/ACH: OFFICE DEPOT SUPPLIES
BNK-10190,2026-09-26,-87555.43,REF-1190,BANK WIRE/ACH: ADP TOTALSOURCE PAYROLL
BNK-10406,2026-09-16,-19765.16,REF-1406,CLEARED CHECK/ACH: DELOITTE ADVISORY
BNK-10180,2026-09-18,-351.12,REF-1180,BANK WIRE/ACH: OFFICE DEPOT SUPPLIES
BNK-10291,2026-09-20,-10741.06,REF-1291,BANK WIRE/ACH: AWS CLOUD SERVICES
BNK-10137,2026-09-25,-8100.23,REF-1137,BANK WIRE/ACH: DELOITTE ADVISORY
BNK-10430,2026-09-23,3176.07,REF-1430,WIRE INCOMING LESS SERVICE FEE: DELOITTE ADVISORY
BNK-10062,2026-09-24,-10631.55,REF-1062,BANK WIRE/ACH: DELOITTE ADVISORY
BNK-10371,2026-09-07,50538.28,REF-1371,CLEARED CHECK/ACH: GLOBAL TECH CORP - INV 9021
BNK-10333,2026-09-09,12274.67,REF-1333,BANK WIRE/ACH: VANGUARD LOGISTICS - INV 5190
BNK-10285,2026-09-27,-1991.51,REF-1285,BANK WIRE/ACH: FEDEX FREIGHT CORP
BNK-10191,2026-09-08,13201.08,REF-1191,BANK WIRE/ACH: HORIZON RETAIL - INV 6519
BNK-10325,2026-09-09,-112646.13,REF-1325,BANK WIRE/ACH: ADP TOTALSOURCE PAYROLL
BNK-10044,2026-09-17,-14500.0,REF-1044,BANK WIRE/ACH: CUSHMAN WAKEFIELD LEASE
BNK-10327,2026-09-13,21423.04,REF-1327,BANK WIRE/ACH: GLOBAL TECH CORP - INV 9021
BNK-10404,2026-09-26,-1492.06,REF-1404,CLEARED CHECK/ACH: CONEDISON ELECTRIC
BNK-10409,2026-09-14,33892.33,REF-1409,CLEARED CHECK/ACH: VANGUARD LOGISTICS - INV 5190
BNK-10247,2026-09-04,-4328.97,REF-1247,BANK WIRE/ACH: MICROSOFT ENTERPRISE
BNK-10013,2026-09-23,25963.62,REF-1013,BANK WIRE/ACH: APEX STRATEGIES - INV 8412
BNK-10250,2026-09-05,12554.85,REF-1250,BANK WIRE/ACH: HORIZON RETAIL - INV 6519
BNK-10399,2026-09-23,-24673.93,REF-1399,CLEARED CHECK/ACH: DELOITTE ADVISORY
BNK-10187,2026-09-11,32673.49,REF-1187,BANK WIRE/ACH: GLOBAL TECH CORP - INV 9021
BNK-10432,2026-09-15,7367.07,REF-1432,WIRE INCOMING LESS SERVICE FEE: OFFICE DEPOT SUPPLIES
BNK-10106,2026-09-02,-8539.34,REF-1106,BANK WIRE/ACH: AWS CLOUD SERVICES
BNK-10394,2026-09-23,-1009.05,REF-1394,CLEARED CHECK/ACH: CONEDISON ELECTRIC
BNK-10207,2026-09-01,29219.0,REF-1207,BANK WIRE/ACH: VANGUARD LOGISTICS - INV 5190
BNK-10223,2026-09-27,-24100.03,REF-1223,BANK WIRE/ACH: DELOITTE ADVISORY
BNK-10221,2026-09-21,-14500.0,REF-1221,BANK WIRE/ACH: CUSHMAN WAKEFIELD LEASE
BNK-10162,2026-09-04,34881.06,REF-1162,BANK WIRE/ACH: NEXUS HEALTHCARE - INV 7731
BNK-10108,2026-09-03,-2314.42,REF-1108,BANK WIRE/ACH: CONEDISON ELECTRIC
BNK-10059,2026-09-07,-5608.26,REF-1059,BANK WIRE/ACH: AWS CLOUD SERVICES
BNK-10448,2026-09-22,-1151.59,REF-1448,ACH DISBURSEMENT: CONEDISON ELECTRIC
BNK-10283,2026-09-12,-1365.47,REF-1283,BANK WIRE/ACH: FEDEX FREIGHT CORP
BNK-10101,2026-09-17,20055.17,REF-1101,BANK WIRE/ACH: VANGUARD LOGISTICS - INV 5190
BNK-10352,2026-09-26,10923.25,REF-1352,CLEARED CHECK/ACH: HORIZON RETAIL - INV 6519
BNK-10258,2026-09-07,-9813.11,REF-1258,BANK WIRE/ACH: DELOITTE ADVISORY
BNK-10097,2026-09-28,-14500.0,REF-1097,BANK WIRE/ACH: CUSHMAN WAKEFIELD LEASE
BNK-10060,2026-09-01,-112795.54,REF-1060,BANK WIRE/ACH: ADP TOTALSOURCE PAYROLL
BNK-10293,2026-09-25,-14500.0,REF-1293,BANK WIRE/ACH: CUSHMAN WAKEFIELD LEASE
BNK-10205,2026-09-17,-9367.51,REF-1205,BANK WIRE/ACH: DELOITTE ADVISORY
BNK-10235,2026-09-08,-397.69,REF-1235,BANK WIRE/ACH: FEDEX FREIGHT CORP
BNK-10160,2026-09-14,-4683.98,REF-1160,BANK WIRE/ACH: MICROSOFT ENTERPRISE
BNK-10383,2026-09-13,-1213.57,REF-1383,CLEARED CHECK/ACH: FEDEX FREIGHT CORP
BNK-10068,2026-09-19,9622.75,REF-1068,BANK WIRE/ACH: VANGUARD LOGISTICS - INV 5190
BNK-10051,2026-09-22,10077.64,REF-1051,BANK WIRE/ACH: HORIZON RETAIL - INV 6519
BNK-10389,2026-09-28,20555.05,REF-1389,CLEARED CHECK/ACH: NEXUS HEALTHCARE - INV 7731
BNK-10377,2026-09-10,-15848.56,REF-1377,CLEARED CHECK/ACH: DELOITTE ADVISORY
BNK-10159,2026-09-26,-7114.43,REF-1159,BANK WIRE/ACH: AWS CLOUD SERVICES
BNK-10302,2026-09-20,18998.37,REF-1302,BANK WIRE/ACH: VANGUARD LOGISTICS - INV 5190
BNK-10151,2026-09-07,-400.47,REF-1151,BANK WIRE/ACH: OFFICE DEPOT SUPPLIES
BNK-10111,2026-09-18,14138.87,REF-1111,BANK WIRE/ACH: HORIZON RETAIL - INV 6519
BNK-10122,2026-09-08,77486.19,REF-1122,BANK WIRE/ACH: GLOBAL TECH CORP - INV 9021
BNK-10210,2026-09-15,-1196.79,REF-1210,BANK WIRE/ACH: OFFICE DEPOT SUPPLIES
BNK-10475,2026-09-17,-629.56,BNK-DIR-1475,AUTOMATIC DIRECT DEBIT - STATE TAX WITHHOLDING / UTILITY
BNK-10011,2026-09-13,41858.57,REF-1011,BANK WIRE/ACH: NEXUS HEALTHCARE - INV 7731
BNK-10456,2026-09-19,-35.0,BNK-DIR-1456,MONTHLY BANK SERVICE CHARGE & MAINTENANCE FEE
BNK-10232,2026-09-15,-1631.23,REF-1232,BANK WIRE/ACH: CONEDISON ELECTRIC
BNK-10058,2026-09-28,11270.26,REF-1058,BANK WIRE/ACH: HORIZON RETAIL - INV 6519
BNK-10049,2026-09-24,-12130.95,REF-1049,BANK WIRE/ACH: DELOITTE ADVISORY
BNK-10222,2026-09-10,-485.91,REF-1222,BANK WIRE/ACH: FEDEX FREIGHT CORP
BNK-10054,2026-09-07,-592.98,REF-1054,BANK WIRE/ACH: OFFICE DEPOT SUPPLIES
BNK-10109,2026-09-22,-100213.68,REF-1109,BANK WIRE/ACH: ADP TOTALSOURCE PAYROLL
BNK-10094,2026-09-24,-1747.98,REF-1094,BANK WIRE/ACH: FEDEX FREIGHT CORP
BNK-10219,2026-09-25,31771.91,REF-1219,BANK WIRE/ACH: NEXUS HEALTHCARE - INV 7731
BNK-10112,2026-09-13,-796.29,REF-1112,BANK WIRE/ACH: OFFICE DEPOT SUPPLIES
BNK-10018,2026-09-08,7819.17,REF-1018,BANK WIRE/ACH: HORIZON RETAIL - INV 6519
BNK-10375,2026-09-12,-11978.05,REF-1375,CLEARED CHECK/ACH: DELOITTE ADVISORY
BNK-10355,2026-09-24,-7153.52,REF-1355,CLEARED CHECK/ACH: AWS CLOUD SERVICES
BNK-10155,2026-09-04,-102273.9,REF-1155,BANK WIRE/ACH: ADP TOTALSOURCE PAYROLL
BNK-10037,2026-09-12,-92183.57,REF-1037,BANK WIRE/ACH: ADP TOTALSOURCE PAYROLL
BNK-10472,2026-09-02,-50.0,BNK-DIR-1472,MONTHLY BANK SERVICE CHARGE & MAINTENANCE FEE
BNK-10200,2026-09-08,-14500.0,REF-1200,BANK WIRE/ACH: CUSHMAN WAKEFIELD LEASE
BNK-10331,2026-09-25,-3350.99,REF-1331,BANK WIRE/ACH: MICROSOFT ENTERPRISE
BNK-10341,2026-09-28,-353.36,REF-1341,BANK WIRE/ACH: FEDEX FREIGHT CORP
BNK-10196,2026-09-09,-401.86,REF-1196,BANK WIRE/ACH: OFFICE DEPOT SUPPLIES
BNK-10008,2026-09-07,-1090.19,REF-1008,BANK WIRE/ACH: CONEDISON ELECTRIC
BNK-10070,2026-09-11,-14500.0,REF-1070,BANK WIRE/ACH: CUSHMAN WAKEFIELD LEASE
BNK-10419,2026-09-02,-2340.0,REF-1419,ACH DEBIT: OFFICE DEPOT SUPPLIES
BNK-10275,2026-09-01,46835.02,REF-1275,BANK WIRE/ACH: GLOBAL TECH CORP - INV 9021
BNK-10410,2026-09-10,-10246.22,REF-1410,CLEARED CHECK/ACH: AWS CLOUD SERVICES
BNK-10440,2026-09-16,-7227.4,REF-1440,ACH DISBURSEMENT: AWS CLOUD SERVICES
BNK-10133,2026-09-05,24190.75,REF-1133,BANK WIRE/ACH: APEX STRATEGIES - INV 8412
BNK-10300,2026-09-24,15948.27,REF-1300,BANK WIRE/ACH: HORIZON RETAIL - INV 6519
BNK-10326,2026-09-12,20464.14,REF-1326,BANK WIRE/ACH: APEX STRATEGIES - INV 8412
BNK-10001,2026-09-21,20816.11,REF-1001,BANK WIRE/ACH: NEXUS HEALTHCARE - INV 7731
BNK-10344,2026-09-01,-991.39,REF-1344,BANK WIRE/ACH: OFFICE DEPOT SUPPLIES
BNK-10457,2026-09-06,-1218.78,BNK-DIR-1457,AUTOMATIC DIRECT DEBIT - STATE TAX WITHHOLDING / UTILITY
BNK-10006,2026-09-09,-10510.16,REF-1006,BANK WIRE/ACH: AWS CLOUD SERVICES
BNK-10324,2026-09-22,-85868.6,REF-1324,BANK WIRE/ACH: ADP TOTALSOURCE PAYROLL
BNK-10278,2026-09-08,-3000.85,REF-1278,BANK WIRE/ACH: CONEDISON ELECTRIC
BNK-10142,2026-09-27,-1179.76,REF-1142,BANK WIRE/ACH: OFFICE DEPOT SUPPLIES
BNK-10183,2026-09-10,12731.67,REF-1183,BANK WIRE/ACH: VANGUARD LOGISTICS - INV 5190
BNK-10462,2026-09-23,-125.0,BNK-DIR-1462,MONTHLY BANK SERVICE CHARGE & MAINTENANCE FEE
BNK-10228,2026-09-05,-108180.25,REF-1228,BANK WIRE/ACH: ADP TOTALSOURCE PAYROLL
BNK-10034,2026-09-10,-14500.0,REF-1034,BANK WIRE/ACH: CUSHMAN WAKEFIELD LEASE
BNK-10334,2026-09-14,25621.45,REF-1334,BANK WIRE/ACH: VANGUARD LOGISTICS - INV 5190
BNK-10015,2026-09-15,-1232.24,REF-1015,BANK WIRE/ACH: CONEDISON ELECTRIC
BNK-10422,2026-09-25,5418.53,REF-1422,WIRE INCOMING LESS SERVICE FEE: MICROSOFT ENTERPRISE
BNK-10131,2026-09-09,20441.77,REF-1131,BANK WIRE/ACH: NEXUS HEALTHCARE - INV 7731
BNK-10451,2026-09-02,-4753.18,REF-1451,ACH DISBURSEMENT: MICROSOFT ENTERPRISE
BNK-10126,2026-09-26,-3082.59,REF-1126,BANK WIRE/ACH: CONEDISON ELECTRIC
BNK-10053,2026-09-24,32405.94,REF-1053,BANK WIRE/ACH: GLOBAL TECH CORP - INV 9021
BNK-10030,2026-09-04,-108057.96,REF-1030,BANK WIRE/ACH: ADP TOTALSOURCE PAYROLL
BNK-10114,2026-09-07,29918.48,REF-1114,BANK WIRE/ACH: VANGUARD LOGISTICS - INV 5190
BNK-10134,2026-09-03,31534.0,REF-1134,BANK WIRE/ACH: NEXUS HEALTHCARE - INV 7731
BNK-10315,2026-09-04,-2757.66,REF-1315,BANK WIRE/ACH: CONEDISON ELECTRIC
BNK-10043,2026-09-13,-1879.54,REF-1043,BANK WIRE/ACH: CONEDISON ELECTRIC
BNK-10039,2026-09-16,-284.81,REF-1039,BANK WIRE/ACH: OFFICE DEPOT SUPPLIES
BNK-10478,2026-09-24,-15.0,BNK-DIR-1478,MONTHLY BANK SERVICE CHARGE & MAINTENANCE FEE
BNK-10454,2026-09-17,-110378.01,REF-1454,ACH DISBURSEMENT: ADP TOTALSOURCE PAYROLL
BNK-10292,2026-09-08,-14500.0,REF-1292,BANK WIRE/ACH: CUSHMAN WAKEFIELD LEASE
BNK-10130,2026-09-09,-18654.72,REF-1130,BANK WIRE/ACH: DELOITTE ADVISORY
BNK-10239,2026-09-04,-9695.1,REF-1239,BANK WIRE/ACH: DELOITTE ADVISORY
BNK-10199,2026-09-10,-9210.06,REF-1199,BANK WIRE/ACH: DELOITTE ADVISORY
BNK-10357,2026-09-11,-5305.55,REF-1357,CLEARED CHECK/ACH: MICROSOFT ENTERPRISE
BNK-10145,2026-09-15,25647.74,REF-1145,BANK WIRE/ACH: NEXUS HEALTHCARE - INV 7731
BNK-10267,2026-09-10,6310.24,REF-1267,BANK WIRE/ACH: HORIZON RETAIL - INV 6519
BNK-10434,2026-09-26,5982.04,REF-1434,WIRE INCOMING LESS SERVICE FEE: CONEDISON ELECTRIC
BNK-10346,2026-09-28,12921.94,REF-1346,BANK WIRE/ACH: HORIZON RETAIL - INV 6519
BNK-10213,2026-09-04,-1817.37,REF-1213,BANK WIRE/ACH: CONEDISON ELECTRIC
BNK-10135,2026-09-14,9731.63,REF-1135,BANK WIRE/ACH: HORIZON RETAIL - INV 6519
BNK-10452,2026-09-10,-320.07,REF-1452,ACH DISBURSEMENT: OFFICE DEPOT SUPPLIES
BNK-10265,2026-09-21,-108658.31,REF-1265,BANK WIRE/ACH: ADP TOTALSOURCE PAYROLL
BNK-10218,2026-09-07,-18631.95,REF-1218,BANK WIRE/ACH: DELOITTE ADVISORY
BNK-10305,2026-09-15,37547.83,REF-1305,BANK WIRE/ACH: GLOBAL TECH CORP - INV 9021
BNK-10138,2026-09-12,17155.17,REF-1138,BANK WIRE/ACH: HORIZON RETAIL - INV 6519
BNK-10121,2026-09-21,-1199.99,REF-1121,BANK WIRE/ACH: FEDEX FREIGHT CORP
BNK-10329,2026-09-06,39966.08,REF-1329,BANK WIRE/ACH: NEXUS HEALTHCARE - INV 7731
BNK-10335,2026-09-22,15914.01,REF-1335,BANK WIRE/ACH: APEX STRATEGIES - INV 8412
BNK-10391,2026-09-08,-9463.63,REF-1391,CLEARED CHECK/ACH: AWS CLOUD SERVICES
BNK-10156,2026-09-13,7421.51,REF-1156,BANK WIRE/ACH: APEX STRATEGIES - INV 8412
BNK-10397,2026-09-06,69005.1,REF-1397,CLEARED CHECK/ACH: GLOBAL TECH CORP - INV 9021
BNK-10040,2026-09-16,-428.31,REF-1040,BANK WIRE/ACH: OFFICE DEPOT SUPPLIES
BNK-10443,2026-09-03,-3562.96,REF-1443,ACH DISBURSEMENT: MICROSOFT ENTERPRISE
BNK-10035,2026-09-25,41082.07,REF-1035,BANK WIRE/ACH: VANGUARD LOGISTICS - INV 5190
BNK-10385,2026-09-12,-2709.74,REF-1385,CLEARED CHECK/ACH: CONEDISON ELECTRIC
BNK-10380,2026-09-13,-3424.86,REF-1380,CLEARED CHECK/ACH: MICROSOFT ENTERPRISE
BNK-10411,2026-09-12,-1540.0,REF-1411,ACH DEBIT: FEDEX FREIGHT CORP
BNK-10095,2026-09-28,-14500.0,REF-1095,BANK WIRE/ACH: CUSHMAN WAKEFIELD LEASE
BNK-10241,2026-09-21,-4476.1,REF-1241,BANK WIRE/ACH: MICROSOFT ENTERPRISE
BNK-10426,2026-09-01,4969.26,REF-1426,WIRE INCOMING LESS SERVICE FEE: OFFICE DEPOT SUPPLIES
BNK-10197,2026-09-18,43596.23,REF-1197,BANK WIRE/ACH: GLOBAL TECH CORP - INV 9021
BNK-10322,2026-09-25,26872.09,REF-1322,BANK WIRE/ACH: APEX STRATEGIES - INV 8412
BNK-10080,2026-09-05,15740.54,REF-1080,BANK WIRE/ACH: VANGUARD LOGISTICS - INV 5190
BNK-10181,2026-09-24,-114415.32,REF-1181,BANK WIRE/ACH: ADP TOTALSOURCE PAYROLL
BNK-10129,2026-09-16,-14500.0,REF-1129,BANK WIRE/ACH: CUSHMAN WAKEFIELD LEASE
BNK-10351,2026-09-08,13672.74,REF-1351,CLEARED CHECK/ACH: VANGUARD LOGISTICS - INV 5190
BNK-10476,2026-09-27,-50.0,BNK-DIR-1476,MONTHLY BANK SERVICE CHARGE & MAINTENANCE FEE
BNK-10317,2026-09-22,43449.87,REF-1317,BANK WIRE/ACH: NEXUS HEALTHCARE - INV 7731
BNK-10079,2026-09-05,66969.17,REF-1079,BANK WIRE/ACH: GLOBAL TECH CORP - INV 9021
BNK-10298,2026-09-26,12568.12,REF-1298,BANK WIRE/ACH: NEXUS HEALTHCARE - INV 7731
BNK-10350,2026-09-25,11684.75,REF-1350,BANK WIRE/ACH: APEX STRATEGIES - INV 8412
BNK-10447,2026-09-21,-4364.85,REF-1447,ACH DISBURSEMENT: MICROSOFT ENTERPRISE
BNK-10016,2026-09-12,37265.53,REF-1016,BANK WIRE/ACH: NEXUS HEALTHCARE - INV 7731
BNK-10277,2026-09-27,-1104.61,REF-1277,BANK WIRE/ACH: CONEDISON ELECTRIC
BNK-10433,2026-09-15,-3740.0,REF-1433,ACH DEBIT: MICROSOFT ENTERPRISE
BNK-10093,2026-09-26,-364.12,REF-1093,BANK WIRE/ACH: FEDEX FREIGHT CORP
BNK-10438,2026-09-17,-14500.0,REF-1438,ACH DISBURSEMENT: CUSHMAN WAKEFIELD LEASE
BNK-10216,2026-09-11,17338.57,REF-1216,BANK WIRE/ACH: HORIZON RETAIL - INV 6519
BNK-10290,2026-09-27,-14500.0,REF-1290,BANK WIRE/ACH: CUSHMAN WAKEFIELD LEASE
BNK-10281,2026-09-02,5357.93,REF-1281,BANK WIRE/ACH: HORIZON RETAIL - INV 6519
BNK-10186,2026-09-01,-16138.14,REF-1186,BANK WIRE/ACH: DELOITTE ADVISORY
BNK-10150,2026-09-21,81472.82,REF-1150,BANK WIRE/ACH: GLOBAL TECH CORP - INV 9021
BNK-10374,2026-09-10,36349.07,REF-1374,CLEARED CHECK/ACH: NEXUS HEALTHCARE - INV 7731
BNK-10428,2026-09-09,6199.23,REF-1428,WIRE INCOMING LESS SERVICE FEE: ADP TOTALSOURCE PAYROLL
BNK-10477,2026-09-11,-952.99,BNK-DIR-1477,AUTOMATIC DIRECT DEBIT - STATE TAX WITHHOLDING / UTILITY
BNK-10356,2026-09-06,-4719.34,REF-1356,CLEARED CHECK/ACH: AWS CLOUD SERVICES
BNK-10115,2026-09-11,-19485.66,REF-1115,BANK WIRE/ACH: DELOITTE ADVISORY
BNK-10468,2026-09-26,-125.0,BNK-DIR-1468,MONTHLY BANK SERVICE CHARGE & MAINTENANCE FEE
BNK-10256,2026-09-12,-104168.16,REF-1256,BANK WIRE/ACH: ADP TOTALSOURCE PAYROLL
BNK-10067,2026-09-03,-14500.0,REF-1067,BANK WIRE/ACH: CUSHMAN WAKEFIELD LEASE
BNK-10002,2026-09-05,-5165.81,REF-1002,BANK WIRE/ACH: MICROSOFT ENTERPRISE
BNK-10064,2026-09-18,14057.95,REF-1064,BANK WIRE/ACH: NEXUS HEALTHCARE - INV 7731
BNK-10083,2026-09-14,-4279.25,REF-1083,BANK WIRE/ACH: AWS CLOUD SERVICES
BNK-10303,2026-09-21,-12488.34,REF-1303,BANK WIRE/ACH: AWS CLOUD SERVICES
BNK-10036,2026-09-20,22830.74,REF-1036,BANK WIRE/ACH: GLOBAL TECH CORP - INV 9021
BNK-10415,2026-09-05,-1940.0,REF-1415,ACH DEBIT: DELOITTE ADVISORY
BNK-10025,2026-09-24,-964.35,REF-1025,BANK WIRE/ACH: FEDEX FREIGHT CORP
BNK-10263,2026-09-08,-1364.66,REF-1263,BANK WIRE/ACH: CONEDISON ELECTRIC
BNK-10284,2026-09-24,13978.75,REF-1284,BANK WIRE/ACH: HORIZON RETAIL - INV 6519
BNK-10023,2026-09-16,5785.95,REF-1023,BANK WIRE/ACH: HORIZON RETAIL - INV 6519
BNK-10435,2026-09-23,-3940.0,REF-1435,ACH DEBIT: MICROSOFT ENTERPRISE
BNK-10368,2026-09-16,-5482.34,REF-1368,CLEARED CHECK/ACH: MICROSOFT ENTERPRISE
BNK-10312,2026-09-24,8500.38,REF-1312,BANK WIRE/ACH: HORIZON RETAIL - INV 6519
BNK-10295,2026-09-20,31668.23,REF-1295,BANK WIRE/ACH: APEX STRATEGIES - INV 8412
BNK-10441,2026-09-19,-1948.4,REF-1441,ACH DISBURSEMENT: CONEDISON ELECTRIC
BNK-10230,2026-09-01,42149.13,REF-1230,BANK WIRE/ACH: NEXUS HEALTHCARE - INV 7731
BNK-10436,2026-09-18,-111739.95,REF-1436,ACH DISBURSEMENT: ADP TOTALSOURCE PAYROLL
BNK-10220,2026-09-10,5442.82,REF-1220,BANK WIRE/ACH: HORIZON RETAIL - INV 6519
BNK-10157,2026-09-23,-14500.0,REF-1157,BANK WIRE/ACH: CUSHMAN WAKEFIELD LEASE
BNK-10045,2026-09-11,16438.11,REF-1045,BANK WIRE/ACH: VANGUARD LOGISTICS - INV 5190
BNK-10466,2026-09-02,-15.0,BNK-DIR-1466,MONTHLY BANK SERVICE CHARGE & MAINTENANCE FEE
BNK-10194,2026-09-10,-9279.46,REF-1194,BANK WIRE/ACH: AWS CLOUD SERVICES
BNK-10429,2026-09-07,-3340.0,REF-1429,ACH DEBIT: ADP TOTALSOURCE PAYROLL
BNK-10262,2026-09-24,-108272.23,REF-1262,BANK WIRE/ACH: ADP TOTALSOURCE PAYROLL
BNK-10386,2026-09-06,14637.15,REF-1386,CLEARED CHECK/ACH: HORIZON RETAIL - INV 6519
BNK-10390,2026-09-05,24564.67,REF-1390,CLEARED CHECK/ACH: VANGUARD LOGISTICS - INV 5190
BNK-10087,2026-09-27,13501.76,REF-1087,BANK WIRE/ACH: VANGUARD LOGISTICS - INV 5190
BNK-10417,2026-09-25,-2140.0,REF-1417,ACH DEBIT: CONEDISON ELECTRIC
BNK-10004,2026-09-20,24446.12,REF-1004,BANK WIRE/ACH: APEX STRATEGIES - INV 8412
BNK-10048,2026-09-09,-14500.0,REF-1048,BANK WIRE/ACH: CUSHMAN WAKEFIELD LEASE
BNK-10184,2026-09-02,-105922.52,REF-1184,BANK WIRE/ACH: ADP TOTALSOURCE PAYROLL
BNK-10467,2026-09-03,-1720.25,BNK-DIR-1467,AUTOMATIC DIRECT DEBIT - STATE TAX WITHHOLDING / UTILITY
BNK-10166,2026-09-24,-2851.53,REF-1166,BANK WIRE/ACH: CONEDISON ELECTRIC
BNK-10118,2026-09-25,20087.06,REF-1118,BANK WIRE/ACH: NEXUS HEALTHCARE - INV 7731
BNK-10460,2026-09-07,-125.0,BNK-DIR-1460,MONTHLY BANK SERVICE CHARGE & MAINTENANCE FEE
BNK-10042,2026-09-25,-14500.0,REF-1042,BANK WIRE/ACH: CUSHMAN WAKEFIELD LEASE
BNK-10085,2026-09-15,-1318.41,REF-1085,BANK WIRE/ACH: FEDEX FREIGHT CORP
BNK-10029,2026-09-15,-9862.34,REF-1029,BANK WIRE/ACH: AWS CLOUD SERVICES
BNK-10208,2026-09-01,-102287.41,REF-1208,BANK WIRE/ACH: ADP TOTALSOURCE PAYROLL
BNK-10343,2026-09-23,-88455.2,REF-1343,BANK WIRE/ACH: ADP TOTALSOURCE PAYROLL
BNK-10307,2026-09-19,-1745.13,REF-1307,BANK WIRE/ACH: CONEDISON ELECTRIC
BNK-10240,2026-09-15,16305.43,REF-1240,BANK WIRE/ACH: APEX STRATEGIES - INV 8412
BNK-10069,2026-09-03,28435.12,REF-1069,BANK WIRE/ACH: VANGUARD LOGISTICS - INV 5190
BNK-10253,2026-09-19,13706.47,REF-1253,BANK WIRE/ACH: HORIZON RETAIL - INV 6519
BNK-10233,2026-09-25,-23858.49,REF-1233,BANK WIRE/ACH: DELOITTE ADVISORY
BNK-10146,2026-09-07,-2638.89,REF-1146,BANK WIRE/ACH: CONEDISON ELECTRIC
BNK-10172,2026-09-17,-3175.73,REF-1172,BANK WIRE/ACH: MICROSOFT ENTERPRISE
BNK-10055,2026-09-09,-4325.85,REF-1055,BANK WIRE/ACH: MICROSOFT ENTERPRISE
BNK-10337,2026-09-07,-93683.41,REF-1337,BANK WIRE/ACH: ADP TOTALSOURCE PAYROLL
BNK-10005,2026-09-23,-14500.0,REF-1005,BANK WIRE/ACH: CUSHMAN WAKEFIELD LEASE
BNK-10310,2026-09-21,-14500.0,REF-1310,BANK WIRE/ACH: CUSHMAN WAKEFIELD LEASE
BNK-10471,2026-09-15,-1208.07,BNK-DIR-1471,AUTOMATIC DIRECT DEBIT - STATE TAX WITHHOLDING / UTILITY
BNK-10096,2026-09-26,-1872.46,REF-1096,BANK WIRE/ACH: FEDEX FREIGHT CORP
BNK-10254,2026-09-15,77923.6,REF-1254,BANK WIRE/ACH: GLOBAL TECH CORP - INV 9021
BNK-10204,2026-09-15,-1997.96,REF-1204,BANK WIRE/ACH: FEDEX FREIGHT CORP
BNK-10019,2026-09-21,-14500.0,REF-1019,BANK WIRE/ACH: CUSHMAN WAKEFIELD LEASE
BNK-10091,2026-09-18,-2053.43,REF-1091,BANK WIRE/ACH: FEDEX FREIGHT CORP
BNK-10413,2026-09-21,-1740.0,REF-1413,ACH DEBIT: FEDEX FREIGHT CORP
BNK-10090,2026-09-07,-3815.97,REF-1090,BANK WIRE/ACH: MICROSOFT ENTERPRISE
BNK-10450,2026-09-05,-1215.1,REF-1450,ACH DISBURSEMENT: FEDEX FREIGHT CORP
BNK-10274,2026-09-26,-6306.89,REF-1274,BANK WIRE/ACH: MICROSOFT ENTERPRISE
BNK-10119,2026-09-07,32138.98,REF-1119,BANK WIRE/ACH: GLOBAL TECH CORP - INV 9021
BNK-10046,2026-09-08,31025.92,REF-1046,BANK WIRE/ACH: GLOBAL TECH CORP - INV 9021
BNK-10031,2026-09-11,6030.52,REF-1031,BANK WIRE/ACH: HORIZON RETAIL - INV 6519
BNK-10147,2026-09-13,7536.34,REF-1147,BANK WIRE/ACH: HORIZON RETAIL - INV 6519
BNK-10165,2026-09-18,-15404.77,REF-1165,BANK WIRE/ACH: DELOITTE ADVISORY
BNK-10388,2026-09-04,19998.19,REF-1388,CLEARED CHECK/ACH: APEX STRATEGIES - INV 8412
BNK-10103,2026-09-09,23757.38,REF-1103,BANK WIRE/ACH: VANGUARD LOGISTICS - INV 5190
BNK-10358,2026-09-21,-7960.3,REF-1358,CLEARED CHECK/ACH: AWS CLOUD SERVICES
BNK-10420,2026-09-22,7667.94,REF-1420,WIRE INCOMING LESS SERVICE FEE: DELOITTE ADVISORY
BNK-10209,2026-09-25,-16822.39,REF-1209,BANK WIRE/ACH: DELOITTE ADVISORY
BNK-10081,2026-09-11,30194.73,REF-1081,BANK WIRE/ACH: NEXUS HEALTHCARE - INV 7731
BNK-10474,2026-09-22,-35.0,BNK-DIR-1474,MONTHLY BANK SERVICE CHARGE & MAINTENANCE FEE
BNK-10003,2026-09-02,11588.78,REF-1003,BANK WIRE/ACH: APEX STRATEGIES - INV 8412
BNK-10405,2026-09-16,-23208.84,REF-1405,CLEARED CHECK/ACH: DELOITTE ADVISORY
BNK-10400,2026-09-18,-5881.46,REF-1400,CLEARED CHECK/ACH: MICROSOFT ENTERPRISE
BNK-10367,2026-09-14,36670.73,REF-1367,CLEARED CHECK/ACH: GLOBAL TECH CORP - INV 9021
BNK-10416,2026-09-02,2378.4,REF-1416,WIRE INCOMING LESS SERVICE FEE: OFFICE DEPOT SUPPLIES
BNK-10373,2026-09-07,37163.77,REF-1373,CLEARED CHECK/ACH: VANGUARD LOGISTICS - INV 5190
BNK-10052,2026-09-28,-2145.49,REF-1052,BANK WIRE/ACH: MICROSOFT ENTERPRISE
BNK-10395,2026-09-18,-8740.09,REF-1395,CLEARED CHECK/ACH: DELOITTE ADVISORY
BNK-10120,2026-09-16,-4395.87,REF-1120,BANK WIRE/ACH: MICROSOFT ENTERPRISE
BNK-10338,2026-09-04,6311.12,REF-1338,BANK WIRE/ACH: HORIZON RETAIL - INV 6519
BNK-10272,2026-09-05,-14500.0,REF-1272,BANK WIRE/ACH: CUSHMAN WAKEFIELD LEASE
BNK-10026,2026-09-05,-6107.96,REF-1026,BANK WIRE/ACH: MICROSOFT ENTERPRISE
BNK-10384,2026-09-12,-1377.67,REF-1384,CLEARED CHECK/ACH: CONEDISON ELECTRIC
BNK-10123,2026-09-28,-6237.0,REF-1123,BANK WIRE/ACH: MICROSOFT ENTERPRISE
BNK-10301,2026-09-17,-16565.26,REF-1301,BANK WIRE/ACH: DELOITTE ADVISORY
BNK-10056,2026-09-28,-2088.35,REF-1056,BANK WIRE/ACH: MICROSOFT ENTERPRISE
BNK-10364,2026-09-24,54057.42,REF-1364,CLEARED CHECK/ACH: GLOBAL TECH CORP - INV 9021
BNK-10140,2026-09-08,-98075.08,REF-1140,BANK WIRE/ACH: ADP TOTALSOURCE PAYROLL
BNK-10361,2026-09-05,19355.78,REF-1361,CLEARED CHECK/ACH: HORIZON RETAIL - INV 6519
BNK-10139,2026-09-27,36835.28,REF-1139,BANK WIRE/ACH: VANGUARD LOGISTICS - INV 5190
BNK-10276,2026-09-22,-102536.8,REF-1276,BANK WIRE/ACH: ADP TOTALSOURCE PAYROLL
BNK-10104,2026-09-24,-1399.05,REF-1104,BANK WIRE/ACH: FEDEX FREIGHT CORP
BNK-10110,2026-09-22,14655.33,REF-1110,BANK WIRE/ACH: HORIZON RETAIL - INV 6519
BNK-10332,2026-09-22,24025.18,REF-1332,BANK WIRE/ACH: VANGUARD LOGISTICS - INV 5190
BNK-10132,2026-09-11,11084.68,REF-1132,BANK WIRE/ACH: VANGUARD LOGISTICS - INV 5190
BNK-10227,2026-09-05,26395.02,REF-1227,BANK WIRE/ACH: VANGUARD LOGISTICS - INV 5190
BNK-10178,2026-09-23,-92542.11,REF-1178,BANK WIRE/ACH: ADP TOTALSOURCE PAYROLL
BNK-10041,2026-09-28,-14500.0,REF-1041,BANK WIRE/ACH: CUSHMAN WAKEFIELD LEASE
BNK-10328,2026-09-17,10758.33,REF-1328,BANK WIRE/ACH: HORIZON RETAIL - INV 6519
BNK-10022,2026-09-07,-1349.67,REF-1022,BANK WIRE/ACH: CONEDISON ELECTRIC
BNK-10149,2026-09-12,69686.31,REF-1149,BANK WIRE/ACH: GLOBAL TECH CORP - INV 9021
BNK-10075,2026-09-05,-6811.84,REF-1075,BANK WIRE/ACH: MICROSOFT ENTERPRISE
BNK-10177,2026-09-17,20042.33,REF-1177,BANK WIRE/ACH: VANGUARD LOGISTICS - INV 5190
BNK-10203,2026-09-10,-98174.6,REF-1203,BANK WIRE/ACH: ADP TOTALSOURCE PAYROLL
BNK-10459,2026-09-04,-1028.99,BNK-DIR-1459,AUTOMATIC DIRECT DEBIT - STATE TAX WITHHOLDING / UTILITY
BNK-10279,2026-09-08,-23459.59,REF-1279,BANK WIRE/ACH: DELOITTE ADVISORY
BNK-10382,2026-09-15,-14500.0,REF-1382,CLEARED CHECK/ACH: CUSHMAN WAKEFIELD LEASE
BNK-10063,2026-09-10,55542.62,REF-1063,BANK WIRE/ACH: GLOBAL TECH CORP - INV 9021
BNK-10402,2026-09-05,-2080.64,REF-1402,CLEARED CHECK/ACH: FEDEX FREIGHT CORP
BNK-10141,2026-09-01,15086.9,REF-1141,BANK WIRE/ACH: HORIZON RETAIL - INV 6519
BNK-10287,2026-09-15,-1083.48,REF-1287,BANK WIRE/ACH: CONEDISON ELECTRIC
BNK-10179,2026-09-04,-1130.95,REF-1179,BANK WIRE/ACH: CONEDISON ELECTRIC
BNK-10393,2026-09-23,6497.02,REF-1393,CLEARED CHECK/ACH: HORIZON RETAIL - INV 6519
BNK-10163,2026-09-27,-607.26,REF-1163,BANK WIRE/ACH: OFFICE DEPOT SUPPLIES
BNK-10424,2026-09-13,5872.36,REF-1424,WIRE INCOMING LESS SERVICE FEE: CONEDISON ELECTRIC
BNK-10365,2026-09-16,39463.41,REF-1365,CLEARED CHECK/ACH: VANGUARD LOGISTICS - INV 5190
BNK-10480,2026-09-17,-50.0,BNK-DIR-1480,MONTHLY BANK SERVICE CHARGE & MAINTENANCE FEE
BNK-10339,2026-09-13,-14500.0,REF-1339,BANK WIRE/ACH: CUSHMAN WAKEFIELD LEASE
BNK-10116,2026-09-17,-841.79,REF-1116,BANK WIRE/ACH: OFFICE DEPOT SUPPLIES
BNK-10153,2026-09-09,-786.19,REF-1153,BANK WIRE/ACH: OFFICE DEPOT SUPPLIES
BNK-10461,2026-09-20,-489.0,BNK-DIR-1461,AUTOMATIC DIRECT DEBIT - STATE TAX WITHHOLDING / UTILITY
BNK-10143,2026-09-18,12970.28,REF-1143,BANK WIRE/ACH: HORIZON RETAIL - INV 6519
BNK-10127,2026-09-15,-1798.41,REF-1127,BANK WIRE/ACH: FEDEX FREIGHT CORP
BNK-10099,2026-09-22,22029.71,REF-1099,BANK WIRE/ACH: NEXUS HEALTHCARE - INV 7731
BNK-10248,2026-09-23,18219.37,REF-1248,BANK WIRE/ACH: GLOBAL TECH CORP - INV 9021
BNK-10469,2026-09-10,-1259.25,BNK-DIR-1469,AUTOMATIC DIRECT DEBIT - STATE TAX WITHHOLDING / UTILITY
BNK-10403,2026-09-22,13010.55,REF-1403,CLEARED CHECK/ACH: APEX STRATEGIES - INV 8412
BNK-10330,2026-09-19,-5533.53,REF-1330,BANK WIRE/ACH: AWS CLOUD SERVICES
BNK-10347,2026-09-17,38848.97,REF-1347,BANK WIRE/ACH: NEXUS HEALTHCARE - INV 7731
BNK-10182,2026-09-27,14999.44,REF-1182,BANK WIRE/ACH: APEX STRATEGIES - INV 8412
BNK-10280,2026-09-10,-2596.73,REF-1280,BANK WIRE/ACH: MICROSOFT ENTERPRISE
BNK-10176,2026-09-10,-1962.16,REF-1176,BANK WIRE/ACH: CONEDISON ELECTRIC
BNK-10427,2026-09-13,-3140.0,REF-1427,ACH DEBIT: MICROSOFT ENTERPRISE
BNK-10236,2026-09-24,-1007.22,REF-1236,BANK WIRE/ACH: FEDEX FREIGHT CORP
BNK-10089,2026-09-26,-11666.13,REF-1089,BANK WIRE/ACH: AWS CLOUD SERVICES
BNK-10376,2026-09-11,-23367.56,REF-1376,CLEARED CHECK/ACH: DELOITTE ADVISORY
BNK-10193,2026-09-15,43643.12,REF-1193,BANK WIRE/ACH: VANGUARD LOGISTICS - INV 5190
BNK-10270,2026-09-16,-107396.78,REF-1270,BANK WIRE/ACH: ADP TOTALSOURCE PAYROLL
BNK-10245,2026-09-02,-14500.0,REF-1245,BANK WIRE/ACH: CUSHMAN WAKEFIELD LEASE
BNK-10340,2026-09-27,-1019.38,REF-1340,BANK WIRE/ACH: CONEDISON ELECTRIC
BNK-10167,2026-09-27,-111448.94,REF-1167,BANK WIRE/ACH: ADP TOTALSOURCE PAYROLL
BNK-10288,2026-09-22,14179.8,REF-1288,BANK WIRE/ACH: NEXUS HEALTHCARE - INV 7731
BNK-10107,2026-09-26,-14500.0,REF-1107,BANK WIRE/ACH: CUSHMAN WAKEFIELD LEASE
BNK-10444,2026-09-23,-16936.83,REF-1444,ACH DISBURSEMENT: DELOITTE ADVISORY
BNK-10449,2026-09-25,-956.17,REF-1449,ACH DISBURSEMENT: OFFICE DEPOT SUPPLIES
BNK-10362,2026-09-19,-96622.5,REF-1362,CLEARED CHECK/ACH: ADP TOTALSOURCE PAYROLL
BNK-10032,2026-09-01,-114156.64,REF-1032,BANK WIRE/ACH: ADP TOTALSOURCE PAYROLL
BNK-10242,2026-09-09,13897.39,REF-1242,BANK WIRE/ACH: HORIZON RETAIL - INV 6519
BNK-10437,2026-09-06,-983.38,REF-1437,ACH DISBURSEMENT: OFFICE DEPOT SUPPLIES
BNK-10453,2026-09-23,-14500.0,REF-1453,ACH DISBURSEMENT: CUSHMAN WAKEFIELD LEASE
BNK-10211,2026-09-14,-24473.94,REF-1211,BANK WIRE/ACH: DELOITTE ADVISORY
BNK-10105,2026-09-17,15004.82,REF-1105,BANK WIRE/ACH: VANGUARD LOGISTICS - INV 5190
BNK-10354,2026-09-24,47824.48,REF-1354,CLEARED CHECK/ACH: GLOBAL TECH CORP - INV 9021
BNK-10212,2026-09-16,23558.1,REF-1212,BANK WIRE/ACH: NEXUS HEALTHCARE - INV 7731
BNK-10078,2026-09-27,-7151.9,REF-1078,BANK WIRE/ACH: MICROSOFT ENTERPRISE
BNK-10215,2026-09-18,37016.2,REF-1215,BANK WIRE/ACH: GLOBAL TECH CORP - INV 9021
BNK-10161,2026-09-11,16657.29,REF-1161,BANK WIRE/ACH: HORIZON RETAIL - INV 6519
BNK-10226,2026-09-16,-14500.0,REF-1226,BANK WIRE/ACH: CUSHMAN WAKEFIELD LEASE
BNK-10010,2026-09-26,12079.65,REF-1010,BANK WIRE/ACH: HORIZON RETAIL - INV 6519
BNK-10098,2026-09-15,11329.77,REF-1098,BANK WIRE/ACH: APEX STRATEGIES - INV 8412
BNK-10414,2026-09-12,7691.74,REF-1414,WIRE INCOMING LESS SERVICE FEE: OFFICE DEPOT SUPPLIES
BNK-10359,2026-09-21,11521.88,REF-1359,CLEARED CHECK/ACH: HORIZON RETAIL - INV 6519
BNK-10294,2026-09-08,26377.92,REF-1294,BANK WIRE/ACH: APEX STRATEGIES - INV 8412
BNK-10017,2026-09-22,-710.85,REF-1017,BANK WIRE/ACH: OFFICE DEPOT SUPPLIES
BNK-10125,2026-09-18,46952.33,REF-1125,BANK WIRE/ACH: GLOBAL TECH CORP - INV 9021
BNK-10470,2026-09-26,-125.0,BNK-DIR-1470,MONTHLY BANK SERVICE CHARGE & MAINTENANCE FEE
BNK-10076,2026-09-12,16839.92,REF-1076,BANK WIRE/ACH: HORIZON RETAIL - INV 6519
BNK-10195,2026-09-24,22038.7,REF-1195,BANK WIRE/ACH: APEX STRATEGIES - INV 8412
BNK-10318,2026-09-25,82787.9,REF-1318,BANK WIRE/ACH: GLOBAL TECH CORP - INV 9021
BNK-10396,2026-09-16,39996.57,REF-1396,CLEARED CHECK/ACH: GLOBAL TECH CORP - INV 9021
BNK-10463,2026-09-25,-1648.1,BNK-DIR-1463,AUTOMATIC DIRECT DEBIT - STATE TAX WITHHOLDING / UTILITY
BNK-10269,2026-09-09,-112421.47,REF-1269,BANK WIRE/ACH: ADP TOTALSOURCE PAYROLL
BNK-10088,2026-09-05,44363.33,REF-1088,BANK WIRE/ACH: NEXUS HEALTHCARE - INV 7731
BNK-10246,2026-09-10,-4273.64,REF-1246,BANK WIRE/ACH: MICROSOFT ENTERPRISE
BNK-10446,2026-09-03,-1171.0,REF-1446,ACH DISBURSEMENT: OFFICE DEPOT SUPPLIES
BNK-10027,2026-09-28,26469.31,REF-1027,BANK WIRE/ACH: APEX STRATEGIES - INV 8412
BNK-10370,2026-09-10,-11264.09,REF-1370,CLEARED CHECK/ACH: DELOITTE ADVISORY
BNK-10117,2026-09-10,-1069.46,REF-1117,BANK WIRE/ACH: CONEDISON ELECTRIC
BNK-10296,2026-09-18,8324.04,REF-1296,BANK WIRE/ACH: APEX STRATEGIES - INV 8412
BNK-10297,2026-09-28,40076.96,REF-1297,BANK WIRE/ACH: GLOBAL TECH CORP - INV 9021
BNK-10398,2026-09-27,31656.49,REF-1398,CLEARED CHECK/ACH: NEXUS HEALTHCARE - INV 7731
BNK-10401,2026-09-16,70377.64,REF-1401,CLEARED CHECK/ACH: GLOBAL TECH CORP - INV 9021
BNK-10336,2026-09-20,13417.76,REF-1336,BANK WIRE/ACH: APEX STRATEGIES - INV 8412
BNK-10136,2026-09-25,-11318.04,REF-1136,BANK WIRE/ACH: AWS CLOUD SERVICES
BNK-10445,2026-09-25,-1785.54,REF-1445,ACH DISBURSEMENT: FEDEX FREIGHT CORP
BNK-10306,2026-09-05,34475.43,REF-1306,BANK WIRE/ACH: NEXUS HEALTHCARE - INV 7731
BNK-10014,2026-09-03,-3966.72,REF-1014,BANK WIRE/ACH: MICROSOFT ENTERPRISE
BNK-10323,2026-09-28,-9274.21,REF-1323,BANK WIRE/ACH: AWS CLOUD SERVICES
BNK-10353,2026-09-23,-2880.98,REF-1353,CLEARED CHECK/ACH: CONEDISON ELECTRIC
BNK-10372,2026-09-19,-777.11,REF-1372,CLEARED CHECK/ACH: OFFICE DEPOT SUPPLIES
BNK-10408,2026-09-22,-1091.11,REF-1408,CLEARED CHECK/ACH: CONEDISON ELECTRIC
BNK-10158,2026-09-25,37037.9,REF-1158,BANK WIRE/ACH: VANGUARD LOGISTICS - INV 5190
BNK-10299,2026-09-09,11917.37,REF-1299,BANK WIRE/ACH: HORIZON RETAIL - INV 6519
BNK-10214,2026-09-16,16517.06,REF-1214,BANK WIRE/ACH: HORIZON RETAIL - INV 6519
BNK-10057,2026-09-18,-7080.29,REF-1057,BANK WIRE/ACH: MICROSOFT ENTERPRISE
BNK-10345,2026-09-20,-1057.11,REF-1345,BANK WIRE/ACH: CONEDISON ELECTRIC
BNK-10170,2026-09-12,-1507.2,REF-1170,BANK WIRE/ACH: CONEDISON ELECTRIC
BNK-10189,2026-09-03,-5501.75,REF-1189,BANK WIRE/ACH: AWS CLOUD SERVICES
BNK-10009,2026-09-13,33734.14,REF-1009,BANK WIRE/ACH: NEXUS HEALTHCARE - INV 7731
BNK-10418,2026-09-12,7671.8,REF-1418,WIRE INCOMING LESS SERVICE FEE: FEDEX FREIGHT CORP
BNK-10244,2026-09-11,-22830.51,REF-1244,BANK WIRE/ACH: DELOITTE ADVISORY
BNK-10431,2026-09-05,-3540.0,REF-1431,ACH DEBIT: MICROSOFT ENTERPRISE
BNK-10289,2026-09-09,81430.76,REF-1289,BANK WIRE/ACH: GLOBAL TECH CORP - INV 9021
BNK-10363,2026-09-28,-10761.12,REF-1363,CLEARED CHECK/ACH: AWS CLOUD SERVICES
BNK-10251,2026-09-26,7500.56,REF-1251,BANK WIRE/ACH: APEX STRATEGIES - INV 8412
BNK-10273,2026-09-24,-2041.74,REF-1273,BANK WIRE/ACH: FEDEX FREIGHT CORP
BNK-10455,2026-09-09,-14500.0,REF-1455,ACH DISBURSEMENT: CUSHMAN WAKEFIELD LEASE
BNK-10425,2026-09-08,-2940.0,REF-1425,ACH DEBIT: MICROSOFT ENTERPRISE
BNK-10260,2026-09-10,7891.69,REF-1260,BANK WIRE/ACH: HORIZON RETAIL - INV 6519
BNK-10173,2026-09-14,-14500.0,REF-1173,BANK WIRE/ACH: CUSHMAN WAKEFIELD LEASE
BNK-10304,2026-09-28,49318.82,REF-1304,BANK WIRE/ACH: GLOBAL TECH CORP - INV 9021
BNK-10154,2026-09-24,-1162.96,REF-1154,BANK WIRE/ACH: OFFICE DEPOT SUPPLIES
BNK-10379,2026-09-09,-9539.73,REF-1379,CLEARED CHECK/ACH: AWS CLOUD SERVICES
BNK-10316,2026-09-18,28308.27,REF-1316,BANK WIRE/ACH: VANGUARD LOGISTICS - INV 5190
BNK-10465,2026-09-03,-1529.12,BNK-DIR-1465,AUTOMATIC DIRECT DEBIT - STATE TAX WITHHOLDING / UTILITY
BNK-10084,2026-09-25,17816.95,REF-1084,BANK WIRE/ACH: NEXUS HEALTHCARE - INV 7731
BNK-10164,2026-09-24,-103477.37,REF-1164,BANK WIRE/ACH: ADP TOTALSOURCE PAYROLL
BNK-10314,2026-09-16,21526.11,REF-1314,BANK WIRE/ACH: GLOBAL TECH CORP - INV 9021
BNK-10168,2026-09-08,-918.79,REF-1168,BANK WIRE/ACH: FEDEX FREIGHT CORP
BNK-10072,2026-09-21,45444.66,REF-1072,BANK WIRE/ACH: NEXUS HEALTHCARE - INV 7731
BNK-10264,2026-09-07,-809.66,REF-1264,BANK WIRE/ACH: OFFICE DEPOT SUPPLIES
BNK-10311,2026-09-08,9879.68,REF-1311,BANK WIRE/ACH: HORIZON RETAIL - INV 6519
BNK-10077,2026-09-23,8480.07,REF-1077,BANK WIRE/ACH: VANGUARD LOGISTICS - INV 5190
BNK-10234,2026-09-28,20609.82,REF-1234,BANK WIRE/ACH: APEX STRATEGIES - INV 8412
BNK-10266,2026-09-02,-244.64,REF-1266,BANK WIRE/ACH: OFFICE DEPOT SUPPLIES
BNK-10243,2026-09-28,21804.34,REF-1243,BANK WIRE/ACH: VANGUARD LOGISTICS - INV 5190
BNK-10412,2026-09-09,2425.25,REF-1412,WIRE INCOMING LESS SERVICE FEE: AWS CLOUD SERVICES
BNK-10171,2026-09-20,-101673.73,REF-1171,BANK WIRE/ACH: ADP TOTALSOURCE PAYROLL
BNK-10366,2026-09-12,-1112.58,REF-1366,CLEARED CHECK/ACH: OFFICE DEPOT SUPPLIES
BNK-10071,2026-09-11,5594.05,REF-1071,BANK WIRE/ACH: HORIZON RETAIL - INV 6519
BNK-10020,2026-09-27,-6139.65,REF-1020,BANK WIRE/ACH: AWS CLOUD SERVICES
BNK-10024,2026-09-05,27495.39,REF-1024,BANK WIRE/ACH: VANGUARD LOGISTICS - INV 5190
BNK-10021,2026-09-02,-796.58,REF-1021,BANK WIRE/ACH: FEDEX FREIGHT CORP
BNK-10257,2026-09-14,-22370.17,REF-1257,BANK WIRE/ACH: DELOITTE ADVISORY
BNK-10206,2026-09-02,-2268.73,REF-1206,BANK WIRE/ACH: CONEDISON ELECTRIC
BNK-10261,2026-09-19,-11762.59,REF-1261,BANK WIRE/ACH: AWS CLOUD SERVICES
BNK-10309,2026-09-14,74695.49,REF-1309,BANK WIRE/ACH: GLOBAL TECH CORP - INV 9021
BNK-10102,2026-09-01,18428.44,REF-1102,BANK WIRE/ACH: NEXUS HEALTHCARE - INV 7731
BNK-10074,2026-09-04,18856.53,REF-1074,BANK WIRE/ACH: APEX STRATEGIES - INV 8412
BNK-10387,2026-09-09,-11723.32,REF-1387,CLEARED CHECK/ACH: AWS CLOUD SERVICES
BNK-10188,2026-09-28,-4084.03,REF-1188,BANK WIRE/ACH: MICROSOFT ENTERPRISE
BNK-10286,2026-09-09,19821.71,REF-1286,BANK WIRE/ACH: NEXUS HEALTHCARE - INV 7731
BNK-10174,2026-09-21,-21479.86,REF-1174,BANK WIRE/ACH: DELOITTE ADVISORY
BNK-10407,2026-09-15,-460.49,REF-1407,CLEARED CHECK/ACH: FEDEX FREIGHT CORP
BNK-10192,2026-09-26,-1121.92,REF-1192,BANK WIRE/ACH: FEDEX FREIGHT CORP
BNK-10202,2026-09-27,26614.6,REF-1202,BANK WIRE/ACH: GLOBAL TECH CORP - INV 9021
BNK-10050,2026-09-16,-14500.0,REF-1050,BANK WIRE/ACH: CUSHMAN WAKEFIELD LEASE
BNK-10066,2026-09-17,7222.67,REF-1066,BANK WIRE/ACH: APEX STRATEGIES - INV 8412
BNK-10061,2026-09-26,-1559.93,REF-1061,BANK WIRE/ACH: FEDEX FREIGHT CORP
BNK-10313,2026-09-09,23669.44,REF-1313,BANK WIRE/ACH: APEX STRATEGIES - INV 8412
BNK-10349,2026-09-21,15141.75,REF-1349,BANK WIRE/ACH: VANGUARD LOGISTICS - INV 5190
BNK-10320,2026-09-07,7087.92,REF-1320,BANK WIRE/ACH: HORIZON RETAIL - INV 6519
BNK-10423,2026-09-17,-2740.0,REF-1423,ACH DEBIT: CONEDISON ELECTRIC
BNK-10144,2026-09-22,5671.19,REF-1144,BANK WIRE/ACH: HORIZON RETAIL - INV 6519
BNK-10282,2026-09-08,-558.08,REF-1282,BANK WIRE/ACH: OFFICE DEPOT SUPPLIES
BNK-10392,2026-09-21,-97877.17,REF-1392,CLEARED CHECK/ACH: ADP TOTALSOURCE PAYROLL
BNK-10231,2026-09-19,-22709.43,REF-1231,BANK WIRE/ACH: DELOITTE ADVISORY
BNK-10259,2026-09-13,-114780.76,REF-1259,BANK WIRE/ACH: ADP TOTALSOURCE PAYROLL
BNK-10198,2026-09-23,-85979.2,REF-1198,BANK WIRE/ACH: ADP TOTALSOURCE PAYROLL
BNK-10038,2026-09-08,-2288.22,REF-1038,BANK WIRE/ACH: MICROSOFT ENTERPRISE
BNK-10148,2026-09-03,-12499.24,REF-1148,BANK WIRE/ACH: AWS CLOUD SERVICES
